code	effective_date	expiration_date	rate_percent	description_lt
PVM1	-	-	21	Šalies teritorijoje patiektos prekės ir / ar suteiktos paslaugos (Lietuvos Respublikos pridėtinės vertės mokesčio įstatymo (toliau – PVMĮ) 19 straipsnio 1 dalis)
PVM2	-	2025-12-31	9	Šalies teritorijoje patiektos prekės ir (ar) suteiktos paslaugos (PVMĮ 19 straipsnio 3 dalis)
PVM3	-	-	5	Šalies teritorijoje patiektos prekės ir / ar suteiktos paslaugos (PVMĮ 19 straipsnio 4 dalis)
PVM4	-	2016-03-31	21,9,5	Atvejai, kai pirkėjas išskaito ir sumoka PVM už jam tiekiamas prekes ar teikiamas paslaugas (PVMĮ 96 straipsnis)
PVM25	2016-04-01	-	21	Atvejai, kai pirkėjas išskaito ir sumoka PVM už jam tiekiamas prekes ar teikiamas paslaugas (PVMĮ 96 straipsnis)
PVM26	2016-04-01	2025-12-31	9	Atvejai, kai pirkėjas išskaito ir sumoka PVM už jam tiekiamas prekes ar teikiamas paslaugas (PVMĮ 96 straipsnis)
PVM27	2016-04-01	-	5	Atvejai, kai pirkėjas išskaito ir sumoka PVM už jam tiekiamas prekes ar teikiamas paslaugas (PVMĮ 96 straipsnis)
PVM5	-	-	-	Atvejai, kai prekių tiekimas ir paslaugų teikimas neapmokestinamas PVM (PVMĮ 20–33 ir 112 straipsniai)
PVM6	-	-	21	Atvejai, kai prekės (paslaugos) yra suvartotos PVM mokėtojo privatiems poreikiams tenkinti (PVMĮ 5 ir 8 straipsniai)
PVM7	-	2025-12-31	9	Atvejai, kai iš kitų valstybių narių prekių įsigijimas laikomas įvykusiu šalies teritorijoje (PVMĮ 41 ir 122 straipsniai)
PVM8	-	-	5	Atvejai, kai prekės (paslaugos) yra suvartotos PVM mokėtojo privatiems poreikiams tenkinti (PVMĮ 5 ir 8 straipsniai)
PVM28	2016-04-01	-	0	Atvejai, kai prekės (paslaugos) yra suvartotos PVM mokėtojo privatiems poreikiams tenkinti (PVMĮ 5 ir 8 straipsniai)
PVM13	2020-11-01	-	0	ES PVM mokėtojams patiektos prekės (PVMĮ 49 straipsnio 1, 2, 4 dalys), išskyrus tiekimus, deklaruojamus PVM50 mokesčio kodu
PVM9	-	-	21	PVM mokėtojo ilgalaikio materialiojo turto pasigaminimas ir nuosavybės teise priklausančio ar nepriklausančio pastato (statinio) esminis pagerinimas (PVMĮ 6 straipsnis)
PVM30	2016-04-01	2025-12-31	9	PVM mokėtojo ilgalaikio materialiojo turto pasigaminimas ir nuosavybės teise priklausančio ar nepriklausančio pastato (statinio) esminis pagerinimas (PVMĮ 6 straipsnis)
PVM31	2016-04-01	-	5	PVM mokėtojo ilgalaikio materialiojo turto pasigaminimas ir nuosavybės teise priklausančio ar nepriklausančio pastato (statinio) esminis pagerinimas (PVMĮ 6 straipsnis)
PVM10	-	2016-03-31	21, 9, 5, 0	Atvejai, kai sandoriai apmokestinami, taikant specialią apmokestinimo schemą (maržą) (PVMĮ 101–105, 106–110 straipsniai)
PVM32	2016-04-01	-	21	Atvejai, kai sandoriams taikoma speciali apmokestinimo schema (marža) (PVMĮ II, III skirsniai)
PVM33	2016-04-01	-	0	Atvejai, kai sandoriams taikoma speciali apmokestinimo schema (marža) (PVMĮ II, III skirsniai)
PVM12	-	-	0	Prekių eksportas (PVMĮ 41 straipsnis)
PVM13	-	-	0	ES PVM mokėtojams patiektos prekės (PVMĮ 49 straipsnio 1, 4 dalys)
PVM14	2020-11-01	-	0	Kiti sandoriai (PVMĮ 42, 43, 44, 45, 46, 47, 48 straipsniai, 49 straipsnio 2 (išskyrus ES PVM mokėtojams tiekiamas naujas transporto priemones) ir 3 dalys, 51, 52 straipsniai, 53 straipsnio 1, 5, 6, 10 dalys)
PVM15	-	-	-	Už Lietuvos ribų patiektos prekės ir / ar suteiktos paslaugos (atvejai, kai PVM neskaičiuojamas, nes prekių tiekimas ir / ar paslaugų teikimas laikomas įvykusiu už Lietuvos ribų ir yra ne PVM objektas Lietuvoje, bet PVM atskaita galima pagal PVMĮ 58 straipsnio 1 dalies 2 punkto nuostatas)
PVM34	2016-04-01	-	-	Už Lietuvos ribų patiektos prekės ir / ar suteiktos paslaugos (atvejai, kai PVM neskaičiuojamas, nes prekių tiekimas ir / ar paslaugų teikimas laikomas įvykusiu už Lietuvos ribų ir yra ne PVM objektas Lietuvoje, o PVM atskaita, atsižvelgiant į PVMĮ 58 straipsnio nuostatas, negalima)
PVM16	-	-	21	Atvejai, kai iš kitų valstybių narių prekių įsigijimas laikomas įvykusiu šalies teritorijoje (PVMĮ 41 ir 122 straipsniai)
PVM17	-	2025-12-31	9	Atvejai, kai iš kitų valstybių narių prekių įsigijimas laikomas įvykusiu šalies teritorijoje (PVMĮ 41 ir 122 straipsniai)
PVM18	-	-	5	Atvejai, kai iš kitų valstybių narių prekių įsigijimas laikomas įvykusiu šalies teritorijoje (PVMĮ 41 ir 122 straipsniai)
PVM35	2016-04-01	-	0	Atvejai, kai iš kitų valstybių narių prekių įsigijimas laikomas įvykusiu šalies teritorijoje (PVMĮ 41 ir 122 straipsniai)
PVM36	2016-04-01	-	-	Atvejai, kai iš kitų valstybių narių prekių įsigijimas laikomas įvykusiu šalies teritorijoje (PVMĮ 41 ir 122 straipsniai)
PVM19	-	-	-	Atvejai, kai Lietuvos Respublikos PVM mokėtojo, trikampėje prekyboje esančio tarpininkaujančia šalimi (antrasis asmuo), iš vienos valstybės narės PVM mokėtojo įsigytos prekės iš karto buvo nugabentos į kitą valstybę narę, kurioje patiektos tos kitos valstybės narės PVM mokėtojui (PVMĮ 122 straipsnio 3 dalis)
PVM20	-	-	21	Iš užsienio valstybių (išskyrus iš ES PVM mokėtojų) įsigytos paslaugos, kurių pardavimo PVM apskaičiuoja pirkėjas (PVMĮ 95 straipsnio 2 dalis)
PVM37	2016-04-01	-	5	Iš užsienio valstybių (išskyrus iš ES PVM mokėtojų) įsigytos paslaugos, kurių pardavimo PVM apskaičiuoja pirkėjas (PVMĮ 95 straipsnio 2 dalis)
PVM38	2016-04-01	-	0	Iš užsienio valstybių (išskyrus iš ES PVM mokėtojų) įsigytos paslaugos, kurių pardavimo PVM pirkėjas neskaičiuoja (PVMĮ 95 straipsnio 1 dalies 3 punktas)
PVM39	2016-04-01	-	-	Iš užsienio valstybių (išskyrus iš ES PVM mokėtojų) įsigytos paslaugos, kurių pardavimo PVM pirkėjas neapskaičiuoja (PVMĮ 95 straipsnio 1 dalies 2 punktas)
PVM21	-	-	21	Iš ES PVM mokėtojų įsigytos paslaugos, kurių pardavimo PVM apskaičiuoja pirkėjas (PVMĮ 95 straipsnio 2 dalis)
PVM40	2016-04-01	-	5	Iš ES PVM mokėtojų įsigytos paslaugos, kurių pardavimo PVM apskaičiuoja pirkėjas (PVMĮ 95 straipsnio 2 dalis)
PVM41	2016-04-01	-	0	Iš ES PVM mokėtojų įsigytos paslaugos, kurių pardavimo PVM pirkėjas neapskaičiuoja (PVMĮ 95 straipsnio 1 dalies 3 punktas)
PVM42	2016-04-01	-	-	Iš ES PVM mokėtojų įsigytos paslaugos, kurių pardavimo PVM pirkėjas neapskaičiuoja (PVMĮ 95 straipsnio 1 dalies 2 punktas)
PVM22	-	2016-03-31	21, 9, 5	Atvejai, kai už šalies teritorijoje neįsikūrusio užsienio apmokestinamojo asmens šalies teritorijoje tiekiamas prekes ir / ar teikiamas paslaugas (išskyrus PVM 18, PVM 19 atvejus) PVM apskaičiuoja ir sumoka pirkėjas (PVMĮ 95 straipsnio 3, 4 ir 5 dalys)
PVM43	2016-04-01	-	21	Atvejai, kai už šalies teritorijoje neįsikūrusio užsienio apmokestinamojo asmens šalies teritorijoje tiekiamas prekes ir / ar teikiamas paslaugas PVM apskaičiuoja ir sumoka pirkėjas (PVMĮ 95 straipsnio 3, 4 ir 5 dalys)
PVM44	2016-04-01	2025-12-31	9	Atvejai, kai už šalies teritorijoje neįsikūrusio užsienio apmokestinamojo asmens šalies teritorijoje tiekiamas prekes ir (ar) teikiamas paslaugas PVM apskaičiuoja ir sumoka pirkėjas (PVMĮ 95 straipsnio 3, 4 ir 5 dalys)
PVM45	2016-04-01	-	5	Atvejai, kai už šalies teritorijoje neįsikūrusio užsienio apmokestinamojo asmens šalies teritorijoje tiekiamas prekes ir / ar teikiamas paslaugas PVM apskaičiuoja ir sumoka pirkėjas (PVMĮ 95 straipsnio 3, 4 ir 5 dalys)
PVM46	2016-04-01	-	0	Atvejai, kai už šalies teritorijoje neįsikūrusio užsienio apmokestinamojo asmens šalies teritorijoje tiekiamas prekes ir / ar teikiamas kitas paslaugas PVM pirkėjas neapskaičiuoja (PVMĮ 95 straipsnio 3, 4 ir 5 dalys)
PVM47	2016-04-01	-	-	Atvejai, kai už šalies teritorijoje neįsikūrusio užsienio apmokestinamojo asmens šalies teritorijoje tiekiamas prekes ir / ar teikiamas kitas paslaugas PVM apskaičiuoja ir sumoka pirkėjas (PVMĮ 95 straipsnio 3, 4 ir 5 dalys)
PVM23	-	2025-12-31 galioja 9 proc.	21, 9, 5	Apskaičiuotas importo PVM
PVM24	-	2025-12-31 galioja 9 proc.	21, 9, 5	Importo PVM, kurio įskaitymą kontroliuoja VMI
PVM48	2016-04-01	-	-	Už Lietuvos ribų įsigytos prekės ir / ar paslaugos (įskaitant atvejus, kai apskaičiuotas užsienio šalies PVM, ir atvejus, kai prekės importuojamos vidaus vartojimui) (atvejai, kai prekių ir / ar paslaugų įsigijimas laikomas įvykusiu už Lietuvos ribų ir pardavimo PVM Lietuvoje neskaičiuojamas, nes įsigijimas – ne PVM objektas Lietuvoje)
PVM49	2016-04-01	-	6	Atvejai, kai žemės ūkio produkcija ir paslaugos įsigytos iš ūkininkų, kuriems taikoma kompensacinio PVM tarifo schema
PVM100	2016-04-01	-		Kiti atvejai
PVM50	2020-01-01	-	0	ES PVM mokėtojams patiektos prekės, kurios buvo pristatytos tiekti pagal pareikalavimą, PVM įstatymo 42 straipsnyje nurodytomis sąlygomis (PVMĮ 49 straipsnio 1, 4 dalys)
PVM51	2021-01-01	-	0	Sandoriai, apmokestinami taikant PVMĮ 19 straipsnio 5 dalies 2 ir 3 punktus (visi atvejai, įskaitant, pvz., PVMĮ 5 straipsnį)
PVM52	2022-01-10	2025-12-31	9	Atvejai, kai sandoriams taikoma speciali apmokestinimo schema (marža) (PVMĮ II, III skirsniai)
PVM53	2022-01-10	-	5	Atvejai, kai sandoriams taikoma speciali apmokestinimo schema (marža) (PVMĮ II, III skirsniai)
PVM54	2022-05-20	2025-12-31	9	Iš užsienio valstybių (išskyrus iš ES PVM mokėtojų) įsigytos paslaugos, kurių pardavimo PVM apskaičiuoja pirkėjas (PVMĮ 95 straipsnio 2 dalis)
PVM55	2022-05-20	-	0	PVMĮ 501 straipsnio 1 ir 4 dalyse nurodyti sandoriai
PVM56	2022-05-20	-	-	PVMĮ 501 straipsnio 2 dalyje nurodyti sandoriai
PVM57	2022-09-25	2025-12-31	9	Iš ES PVM mokėtojų įsigytos paslaugos, kurių pardavimo PVM apskaičiuoja pirkėjas (PVMĮ 95 straipsnio 2 dalis)
PVM58	2026-01-01	-	12	Šalies teritorijoje suteiktos paslaugos (PVMĮ 19 straipsnio 3 dalis)
PVM59	2026-01-01	-	12	Atvejai, kai paslaugos yra suvartotos PVM mokėtojo privatiems poreikiams tenkinti (PVMĮ 8 straipsnis)
PVM60	2026-01-01	-	12	Atvejai, kai už šalies teritorijoje neįsikūrusio užsienio apmokestinamojo asmens šalies teritorijoje teikiamas paslaugas PVM apskaičiuoja ir sumoka pirkėjas (PVMĮ 95 straipsnio 5 dalis)
